{"roc_auc": 0.9404761904761905, "avg_precision": 0.9404761904761902}